{"cameraMode":{"drawMode":0,"name":"Shaded","section":"Shading Mode"},"sceneLighting":true,"audioPlay":false,"sceneViewState":{"m_AlwaysRefresh":false,"showFog":true,"showSkybox":true,"showFlares":true,"showImageEffects":true,"showParticleSystems":true,"showVisualEffectGraphs":true,"m_FxEnabled":false},"in2DMode":false,"pivot":{"x":-11.167805671691895,"y":1.8143229484558106,"z":-0.8652887940406799},"rotation":{"x":0.04555485397577286,"y":0.94671231508255,"z":-0.27738142013549807,"w":0.15591733157634736},"size":0.8999997973442078,"orthographic":false}