{"cameraMode":{"drawMode":0,"name":"Shaded","section":"Shading Mode"},"sceneLighting":true,"audioPlay":false,"sceneViewState":{"m_AlwaysRefresh":false,"showFog":true,"showSkybox":true,"showFlares":true,"showImageEffects":true,"showParticleSystems":true,"showVisualEffectGraphs":true,"m_FxEnabled":false},"in2DMode":false,"pivot":{"x":545.6552734375,"y":296.40411376953127,"z":-475.9866943359375},"rotation":{"x":0.01649276539683342,"y":0.002099705161526799,"z":-0.0002696500450838357,"w":0.9996553659439087},"size":103.07764434814453,"orthographic":false}